trait,heritability,var_G,var_E,no_campaigns
days_to_heading,0.8923774780322515,29.133255441131904,20.30965903209863,5.7804154302670625
plant_height,0.9549042674006311,415.71844774126197,113.06550263738843,5.75910780669145
thousand_kernel_weight,0.8494473498332474,29.441695380098217,16.814563051354273,3.2223360655737703
